Country Name,Country Code,Series Name,Series Code,2000 [YR2000],2001 [YR2001],2002 [YR2002],2003 [YR2003],2004 [YR2004],2005 [YR2005],2006 [YR2006],2007 [YR2007],2008 [YR2008],2009 [YR2009],2010 [YR2010],2011 [YR2011],2012 [YR2012],2013 [YR2013],2014 [YR2014],2015 [YR2015],2016 [YR2016],2017 [YR2017],2018 [YR2018],2019 [YR2019],2020 [YR2020],2021 [YR2021],2022 [YR2022],2023 [YR2023],2024 [YR2024]
United States,USA,Electricity production from natural gas sources (% of total),EG.ELC.NGAS.ZS,15.65117489,17.0727448,17.58605028,16.41917563,17.52280797,18.2292016,19.59560838,21.03975755,20.83611762,22.67734584,23.24735122,24.03179427,29.47220241,26.90093352,26.75653763,31.79336226,32.81091004,31.20787285,34.09803929,37.33867516,39.43957843,37.35339486,38.71585152,41.89292896,..
United States,USA,Electricity production from hydroelectric sources (% of total),EG.ELC.HYRO.ZS,6.908685071,5.555263786,7.201835542,7.489996972,7.135431737,6.937598268,7.386688759,6.334599357,6.455543751,7.124992389,6.539627218,7.921920476,6.952007383,6.736832474,6.486242766,6.280264405,6.758686527,7.584730223,7.114990715,7.071652367,7.234950445,6.265515435,6.207878866,6.039003813,..
United States,USA,Electricity production from nuclear sources (% of total),EG.ELC.NUCL.ZS,19.68377861,20.50558985,19.85917475,19.3009199,19.4818456,18.87881989,18.97761154,19.23366854,19.17934849,19.82252583,19.16054385,18.88520491,18.67146313,19.08809065,19.13624434,19.23227752,19.43337842,19.57016425,18.88317153,19.20255205,19.32255144,18.55111099,17.87769099,18.14863385,..
United States,USA,"Electricity production from oil, gas and coal sources (% of total)",EG.ELC.FOSL.ZS,71.12032644,71.70429153,70.55419242,70.81577965,70.92785955,71.67701976,70.89771721,71.53794817,70.97900057,69.07195548,69.89146795,68.05876955,68.54544522,67.52135383,67.13221059,66.76622288,64.94373719,62.79200304,63.61426194,62.50664882,60.40603346,60.84507744,59.97802627,59.30036772,..
United States,USA,Electricity production from coal sources (% of total),EG.ELC.COAL.ZS,52.54559528,51.27975605,50.34817532,51.03984454,50.07346361,50.15769492,49.47406676,48.70189508,48.82025135,45.19015858,45.54586918,43.1182654,38.30249892,39.76452563,39.45692661,34.07326439,31.32860007,30.82799944,28.55274835,24.35303842,20.08829488,22.66590714,20.31649022,16.66388548,..
United States,USA,Electricity production from oil sources (% of total),EG.ELC.PETR.ZS,2.923556266,3.351790686,2.619966824,3.356759479,3.331587964,3.29012325,1.828042069,1.796295543,1.322631592,1.204451061,1.098247545,0.90870988,0.770743895,0.855894673,0.918746347,0.899596239,0.80422708,0.756130746,0.963474298,0.814935242,0.87816015,0.82577544,0.945684536,0.743553285,..
United States,USA,"Electricity production from renewable sources, excluding hydroelectric (% of total)",EG.ELC.RNWX.ZS,1.903931411,1.867225553,2.001989573,2.004623491,2.080766379,2.183324764,2.402791461,2.579312669,3.074656024,3.6556385,4.074771094,4.764473223,5.460954725,6.291747738,6.893051308,7.352543884,8.500758438,9.700691811,10.04789563,10.86662135,12.68174828,14.00779349,..,..,..
United States,USA,Rural population (% of total population),SP.RUR.TOTL.ZS,20.92591021,20.69137763,20.45389602,20.22266497,20.0039063,19.80384183,19.62869336,19.48468271,19.37803171,19.31496216,19.30022553,19.30424457,19.31625066,19.33911072,19.37577682,19.42920105,19.50233547,19.59813216,19.7195432,19.86952066,20.00254824,19.99252349,19.96750218,19.92843888,19.8752202
United States,USA,Rural population,SP.RUR.TOTL,59045053,58964003,58830558,58667555,58572497,58523640,58568078,58693945,58927425,59252805,59710696,60198252,60718528,61252046,61858632,62526107,63256476,64009187,64784532,65614368,66323993,66395123,66694916,67120224,67597808
United States,USA,Urban population (% of total population),SP.URB.TOTL.IN.ZS,79.07408979,79.30862237,79.54610398,79.77733503,79.9960937,80.19615817,80.37130664,80.51531729,80.62196829,80.68503784,80.69977447,80.69575543,80.68374934,80.66088928,80.62422318,80.57079895,80.49766453,80.40186784,80.2804568,80.13047934,79.99745176,80.00747651,80.03249782,80.07156112,80.1247798
United States,USA,Urban population,SP.URB.TOTL,223117358,226004952,228794635,231440378,234232801,236992959,239811834,242537262,245166541,247518724,249667531,251641209,253620571,255474236,257398928,259289014,261096864,262599422,263745045,264611859,265253727,265704637,267322405,269686007,272513180
United States,USA,"Bird species, threatened",EN.BIR.THRD.NO,..,..,..,..,..,..,..,..,..,..,..,..,..,..,..,..,..,..,91,..,..,..,87,..,..
United States,USA,"Mammal species, threatened",EN.MAM.THRD.NO,..,..,..,..,..,..,..,..,..,..,..,..,..,..,..,..,..,..,40,..,..,..,43,..,..
United States,USA,"Fish species, threatened",EN.FSH.THRD.NO,..,..,..,..,..,..,..,..,..,..,..,..,..,..,..,..,..,..,251,..,..,..,283,..,..
United States,USA,"Plant species (higher), threatened",EN.HPT.THRD.NO,..,..,..,..,..,..,..,..,..,..,..,..,..,..,..,..,..,..,510,..,..,..,688,..,..
United States,USA,"School enrollment, tertiary (% gross)",SE.TER.ENRR,..,..,..,..,..,80.63482666,..,..,..,..,..,..,..,88.72641754,88.6268692,88.88941193,88.83505249,88.16738892,88.29917908,87.88871002,87.56765747,84.85508728,79.36193085,..,..
United States,USA,Population ages 0-14 (% of total population),SP.POP.0014.TO.ZS,21.16343838,21.03125933,20.88611953,20.72638971,20.54799065,20.34535906,20.15850309,20.01879774,19.90865423,19.80603737,19.69984597,19.59870273,19.50638581,19.40921611,19.30634549,19.19169438,19.0672311,18.93894748,18.78646974,18.60844049,18.39285722,18.14611713,17.8818252,17.59463765,17.32457692
United States,USA,Population ages 15-64 (% of total population),SP.POP.1564.TO.ZS,66.65074463,66.82772023,67.00061238,67.17049932,67.34101043,67.5239128,67.65749682,67.67109431,67.60468496,67.52286959,67.45539237,67.3349668,67.11700616,66.88959117,66.68472791,66.49808091,66.31804038,66.12192912,65.92204364,65.71867426,65.53523083,65.38011285,65.19855441,64.97354287,64.74669287
United States,USA,Population ages 65 and above (% of total population),SP.POP.65UP.TO.ZS,12.18581699,12.14102043,12.11326809,12.10311097,12.11099892,12.13072814,12.18400009,12.31010795,12.48666081,12.67109304,12.84476166,13.06633047,13.37660804,13.70119272,14.0089266,14.31022471,14.61472851,14.93912339,15.29148662,15.67288525,16.07191194,16.47377002,16.91962039,17.43181948,17.92873021
United States,USA,GDP per capita (current US$),NY.GDP.PCAP.CD,36329.95607,37133.62311,37997.75966,39490.27496,41724.63163,44123.40707,46302.00088,48050.22378,48570.04598,47194.94335,48642.61002,50024.8688,51708.40116,53179.01276,54973.42075,56572.9189,57638.10184,59635.09844,62499.87444,64746.45068,63515.94918,70205.05092,76657.24888,81032.26212,84534.04078
United States,USA,Individuals using the Internet (% of population),IT.NET.USER.ZS,43.0792,49.0808,58.7854,61.6971,64.7583,67.9681,68.9312,75,74,71,71.69,69.7295,74.7,71.4,73,74.5542,85.5444,87.2749,88.4989,89.4303,90.3447,91.2684,92.2016,93.1444,..
United States,USA,GDP growth (annual %),NY.GDP.MKTP.KD.ZG,4.077585757,0.955538348,1.700447326,2.795605963,3.847771696,3.483549936,2.784539637,2.003858298,0.11358725,-2.57650023,2.695192577,1.564406858,2.289113387,2.117830098,2.523819814,2.945550455,1.819451478,2.457622299,2.966505069,2.583825334,-2.16302914,6.055052932,2.51237532,2.887556007,2.793001277
United States,USA,"Industry (including construction), value added (% of GDP)",NV.IND.TOTL.ZS,22.45158608,21.46900445,20.65246551,20.73947669,20.95003656,21.20626982,21.58696179,21.42388216,20.79350737,19.2684773,19.31025724,19.40750234,19.16261132,19.24162602,19.33151521,18.58713204,18.04222128,18.43542408,18.63089824,18.28042804,17.50842848,17.88465336,..,..,..
United States,USA,"Agriculture, forestry, and fishing, value added (% of GDP)",NV.AGR.TOTL.ZS,1.150555364,1.129256974,0.97371186,1.121047604,1.26548363,1.150506559,1.009487187,1.075123977,1.053000597,0.960285892,1.029437338,1.200559103,1.149329643,1.321084164,1.172065105,1.033933783,0.942644553,0.946868678,0.903900643,0.838812891,0.948847432,0.959566657,..,..,..
United States,USA,"Services, value added (% of GDP)",NV.SRV.TOTL.ZS,72.81844774,74.01746916,74.86370124,74.60409934,74.16378653,74.02568269,73.70136842,73.92206182,74.61953604,76.51433451,76.27721936,75.90149622,76.16380034,75.81605358,75.82754097,76.74239629,77.4396929,77.03293869,76.73553862,77.18111416,78.13748641,77.59921031,..,..,..
United States,USA,Exports of goods and services (% of GDP),NE.EXP.GNFS.ZS,10.69277691,9.703447499,9.131381514,9.035658683,9.628750081,9.982054732,10.64138647,11.46379016,12.42584736,10.93222062,12.34136081,13.56346715,13.6440494,13.5836612,13.55243772,12.47181925,11.95798206,12.26173812,12.36098922,11.87687122,10.21410553,10.96041677,11.78440463,11.18441264,11.10745669
United States,USA,"Inflation, GDP deflator (annual %)",NY.GDP.DEFL.KD.ZG,2.265128815,2.251737322,1.554033271,1.974197631,2.689135388,3.135495559,3.083848857,2.709221366,1.92668919,0.616794208,1.215257038,2.06312857,1.86220422,1.475986503,1.635353052,0.76587974,0.851475885,1.685083824,2.383053723,1.506772517,0.678701829,4.384838076,7.129480854,3.598391355,2.482725095
United States,USA,Current health expenditure per capita (current US$),SH.XPD.CHEX.PC.CD,4548.554688,4901.675293,5327.937012,5732.243652,6071.844238,6428.602051,6802.475098,7153.731445,7364.938477,7614.824219,7836.088379,8015.780762,8262.292969,8412.251953,8796.338867,9200.931641,9535.600586,9822.606445,10180.48242,10550.2207,11648.49512,12080.07324,12586.19629,13473.19336,..
United States,USA,"Life expectancy at birth, total (years)",SP.DYN.LE00.IN,76.63658537,76.83658537,76.93658537,77.03658537,77.48780488,77.48780488,77.68780488,77.98780488,78.03902439,78.3902439,78.54146341,78.64146341,78.74146341,78.74146341,78.84146341,78.6902439,78.53902439,78.53902439,78.63902439,78.78780488,76.9804878,76.32926829,77.43414634,78.38536585,..
United States,USA,"Labor force participation rate, female (% of female population ages 15+) (modeled ILO estimate)",SL.TLF.CACT.FE.ZS,58.682,58.521,58.351,58.224,57.944,58.04,58.161,58.086,58.293,58.054,57.516,56.998,56.778,56.362,56.197,55.938,56.095,56.395,56.471,56.868,55.704,55.632,56.029,56.602,56.561
United States,USA,"Labor force participation rate, male (% of male population ages 15+) (modeled ILO estimate)",SL.TLF.CACT.MA.ZS,73.85,73.42,73.024,72.403,72.237,72.226,72.348,72.053,71.814,70.806,70.065,69.573,69.532,69.181,68.754,68.638,68.794,68.715,68.715,68.821,67.396,67.359,67.55,67.553,67.353
United States,USA,"Unemployment, total (% of total labor force) (modeled ILO estimate)",SL.UEM.TOTL.ZS,3.992,4.731,5.783,5.989,5.529,5.084,4.623,4.622,5.784,9.254,9.633,8.949,8.069,7.375,6.168,5.28,4.869,4.355,3.896,3.669,8.055,5.349,3.65,3.638,4.022
United States,USA,"Mortality rate, infant (per 1,000 live births)",SP.DYN.IMRT.IN,7.1,7,7,6.9,6.8,6.8,6.7,6.6,6.5,6.4,6.2,6.1,6,5.9,5.8,5.8,5.7,5.6,5.6,5.5,5.5,5.5,5.5,5.5,..
China,CHN,Electricity production from natural gas sources (% of total),EG.ELC.NGAS.ZS,0.425819738,0.333164748,0.25354197,0.269788644,0.338551996,0.485589486,0.831101965,1.033186158,0.996947091,1.539355612,1.855112402,2.034348221,1.97787565,1.957374064,1.968353693,2.482749668,2.749878303,2.726802395,2.898397739,2.835134005,3.025401406,3.11627411,2.979327854,2.967088905,..
China,CHN,Electricity production from hydroelectric sources (% of total),EG.ELC.HYRO.ZS,16.40538216,18.73339325,17.40903562,14.84653972,16.04464167,15.87772039,15.2056174,14.78656465,16.87787066,16.5714641,17.16191068,14.82146784,17.46293836,16.8946075,18.44296098,19.30687784,19.0980474,17.83920803,17.24505215,17.38204731,17.4516307,15.57147411,15.10723866,13.46786712,..
China,CHN,Electricity production from nuclear sources (% of total),EG.ELC.NUCL.ZS,1.234530566,1.179784044,1.519015043,2.268318021,2.290399555,2.12312425,1.913603638,1.893174152,1.972608903,1.887829029,1.755706343,1.831093645,1.950202691,2.048979971,2.27834297,2.917358118,3.440202792,3.694383203,4.12103416,4.641940123,4.716428981,4.739162496,4.667541762,4.553214755,..
China,CHN,"Electricity production from oil, gas and coal sources (% of total)",EG.ELC.FOSL.ZS,82.12597124,79.86169679,80.86265933,82.69511266,81.48696938,81.70185078,82.49361295,82.84347871,80.28994703,80.24837277,79.19744638,80.98637738,77.71469821,77.27266636,75.13582766,72.83648504,71.33478326,70.90025776,69.57989977,67.94410244,66.62811159,66.24986874,64.79540073,64.40353222,..
China,CHN,Electricity production from coal sources (% of total),EG.ELC.COAL.ZS,78.21363715,76.25245704,77.54388319,79.55603937,78.1743334,79.19611784,80.33949603,80.95423534,78.75051375,78.38266989,76.98929157,78.69480663,75.51782173,75.13147467,73.00387568,70.18840207,68.41769091,68.02649615,66.52944773,64.96867951,63.45501876,63.00095208,61.71866088,61.34080611,..
China,CHN,Electricity production from oil sources (% of total),EG.ELC.PETR.ZS,3.486514356,3.276075003,3.065234161,2.869284654,2.974083981,2.020143445,1.323014954,0.856057213,0.542486196,0.326347266,0.353042412,0.257222535,0.21900083,0.183817624,0.163598289,0.165333301,0.167214047,0.146959219,0.152054301,0.140288917,0.147691428,0.132642544,0.097411996,0.095637201,..
China,CHN,"Electricity production from renewable sources, excluding hydroelectric (% of total)",EG.ELC.RNWX.ZS,0.233755342,0.224728198,0.209580791,0.190561323,0.178607054,0.281549519,0.350985047,0.479233284,0.762948905,1.239414911,1.631076145,2.01460549,2.635099003,3.238881769,3.612740142,4.558071037,5.953988314,7.199464525,8.567688804,9.50765506,10.66027726,12.85652382,..,..,..
China,CHN,Rural population (% of total population),SP.RUR.TOTL.ZS,63.56797653,62.34025574,60.91021729,59.46976852,58.23998642,57.01000214,55.65699005,54.11075592,53.01049423,51.65829468,50.76597294,48.16997147,46.89968872,45.50999832,44.24974442,42.67021561,41.16007614,39.75973129,38.49980164,37.29008484,36.47657697,35.27892303,34.78236389,34.4698552,34.1053019
China,CHN,Rural population,SP.RUR.TOTL,802637877,792874543,779894422,766208498,754833904,743250800,729674271,713117536,702206162,687706214,679098958,647902976,635110895,620410501,607044544,588789237,571215421,555131332,540059817,524949305,514720978,498265397,491187847,486269694,480535177
China,CHN,Urban population (% of total population),SP.URB.TOTL.IN.ZS,36.43202347,37.65974426,39.08978271,40.53023148,41.76001358,42.98999786,44.34300995,45.88924408,46.98950577,48.34170532,49.23402706,51.83002853,53.10031128,54.49000168,55.75025558,57.32978439,58.83992386,60.24026871,61.50019836,62.70991516,63.52342303,64.72107697,65.21763611,65.5301448,65.8946981
China,CHN,Urban population,SP.URB.TOTL,460007123,478975457,500505578,522191502,541241096,560469200,581345729,604767464,622448838,643553786,658606042,697132024,719079105,742829499,764815456,791070763,816574579,841083668,862700183,882795695,896379022,914094603,920987153,924440306,928439823
China,CHN,"Bird species, threatened",EN.BIR.THRD.NO,..,..,..,..,..,..,..,..,..,..,..,..,..,..,..,..,..,..,96,..,..,..,94,..,..
China,CHN,"Mammal species, threatened",EN.MAM.THRD.NO,..,..,..,..,..,..,..,..,..,..,..,..,..,..,..,..,..,..,73,..,..,..,78,..,..
China,CHN,"Fish species, threatened",EN.FSH.THRD.NO,..,..,..,..,..,..,..,..,..,..,..,..,..,..,..,..,..,..,136,..,..,..,207,..,..
China,CHN,"Plant species (higher), threatened",EN.HPT.THRD.NO,..,..,..,..,..,..,..,..,..,..,..,..,..,..,..,..,..,..,593,..,..,..,713,..,..
China,CHN,"School enrollment, tertiary (% gross)",SE.TER.ENRR,7.57777977,9.280690193,11.80508041,14.51397038,16.90044022,18.65652084,20.56677055,21.47155952,21.86673927,23.28862953,25.28830663,26.78750399,29.30819069,32.71916032,43.7110051,47.11926193,49.30907738,51.06788123,53.39879846,56.60509179,61.6124676,66.81860776,71.57994651,74.59330146,76.87578431
China,CHN,Population ages 0-14 (% of total population),SP.POP.0014.TO.ZS,24.54409643,23.80636764,22.92830907,22.04292869,21.18643009,20.29446824,19.59217938,19.1700514,18.86673497,18.64565124,18.47404982,18.34201273,18.29736019,18.30540066,18.32863558,18.31814455,18.30474803,18.35312723,18.32847456,18.19748138,17.95483746,17.58185402,17.12179976,16.58961072,16.00781233
China,CHN,Population ages 15-64 (% of total population),SP.POP.1564.TO.ZS,68.43842783,68.98011554,69.67006218,70.37744468,71.07631881,71.81590335,72.35395716,72.61736235,72.77791213,72.85616987,72.86447874,72.79881854,72.61343794,72.33833072,72.00516568,71.62843454,71.20445251,70.66591211,70.15531624,69.74115265,69.39992493,69.21240494,69.0962699,69.09431181,69.32691883
China,CHN,Population ages 65 and above (% of total population),SP.POP.65UP.TO.ZS,7.017475741,7.213516823,7.401628758,7.579626632,7.737251101,7.889628405,8.053863468,8.212586258,8.355352904,8.498178887,8.661471438,8.859168729,9.089201868,9.356268616,9.666198738,10.05342091,10.49079946,10.98096066,11.5162092,12.06136597,12.64523761,13.20574103,13.78193035,14.31607747,14.66526884
China,CHN,GDP per capita (current US$),NY.GDP.PCAP.CD,969.1995137,1065.405976,1163.559577,1306.972454,1530.927262,1777.644968,2129.25697,2734.727099,3523.443021,3898.244592,4629.245517,5703.76028,6405.057424,7147.035186,7781.065975,8175.332851,8254.868593,8979.676527,10085.66381,10342.90095,10627.4638,12887.43572,12970.60564,12951.17824,13303.14815
China,CHN,Individuals using the Internet (% of population),IT.NET.USER.ZS,1.77591,2.63965,4.5957,6.2,7.3,8.52326,10.5232,16,22.6,28.9,34.3,38.3,42.3001,45.8,47.9,50.3,53.2,54.3,59.2,64.0809,70.0528,73.0532,75.6113,90.6,92
China,CHN,GDP growth (annual %),NY.GDP.MKTP.KD.ZG,8.586432018,8.312638871,9.243393266,10.11819286,10.13140736,11.45823846,12.67467517,14.14998549,9.670245886,9.402699728,10.59627198,9.461335887,7.856174271,7.778724094,7.461900282,6.978780027,6.775555628,6.891266362,6.756718002,6.068502351,2.340188431,8.570085132,3.134188872,5.414843301,4.977356592
China,CHN,"Industry (including construction), value added (% of GDP)",NV.IND.TOTL.ZS,45.07383152,44.2765436,43.87580281,44.98276213,45.23283266,46.3816217,46.88650286,46.18523623,46.23641913,45.17885872,45.70662071,45.80020541,44.68206982,43.39387078,42.28271578,40.04759022,38.81115609,39.12994435,38.97770017,37.76423332,36.91156241,38.0924722,37.89452666,36.77250302,36.47565945
China,CHN,"Agriculture, forestry, and fishing, value added (% of GDP)",NV.AGR.TOTL.ZS,14.52725195,13.82210696,13.12949383,12.17576009,12.72884294,11.48281235,10.47586237,10.09341946,10.00997707,9.472995817,9.166499061,9.033845859,8.965056735,8.784421316,8.482429409,8.224013595,7.900650175,7.328392393,6.917142892,7.006215758,7.540181985,7.089352516,7.147886928,6.889519411,6.775998813
China,CHN,"Services, value added (% of GDP)",NV.SRV.TOTL.ZS,40.39893948,41.90132965,42.99471503,42.84148136,42.03832477,42.135566,42.63765037,43.72132583,43.75359601,45.34815368,45.12687199,45.16594057,46.35287426,47.82170571,49.23486111,51.72839163,53.28819366,53.5416634,54.10516404,55.22955993,55.54825564,54.81817957,54.95758043,56.33797757,56.74834174
China,CHN,Exports of goods and services (% of GDP),NE.EXP.GNFS.ZS,20.68159936,20.07768738,22.35182337,26.60237385,30.60971625,33.36879775,35.52684687,34.90669562,32.0925136,24.33077181,26.72274515,26.15188289,25.07670433,24.16334309,23.07197669,20.93906422,19.20365074,19.33563017,18.7705198,18.05570696,18.20358217,19.52624222,20.29773169,19.10247172,20.02291664
China,CHN,"Inflation, GDP deflator (annual %)",NY.GDP.DEFL.KD.ZG,2.099784372,2.212049155,0.642696006,2.642679798,6.990192211,3.7487177,4.019457597,7.913659445,7.856586465,-0.081966942,6.928457313,8.016062929,2.405184127,2.297993974,1.091091266,0.137261201,1.477441213,4.146022375,3.467897773,1.315506507,0.530000817,4.473861321,1.934274078,-0.505704539,-0.70720001
China,CHN,Current health expenditure per capita (current US$),SH.XPD.CHEX.PC.CD,42.80797577,44.36042023,49.92394638,56.54468155,64.28150177,73.00266266,82.48256683,98.5569458,133.8399963,164.8761902,188.8715668,239.1982422,284.6976013,329.0857239,362.2869568,393.0976868,398.1748962,439.9400635,504.1098023,538.9915772,582.9509277,670.2589722,755.4359741,763.3776245,..
China,CHN,"Life expectancy at birth, total (years)",SP.DYN.LE00.IN,72.288,72.675,73.034,73.385,73.727,74.085,74.404,74.789,74.833,75.317,75.668,75.889,76.2,76.452,76.714,76.975,77.214,77.235,77.709,77.94,78.019,78.117,78.202,77.953,..
China,CHN,"Labor force participation rate, female (% of female population ages 15+) (modeled ILO estimate)",SL.TLF.CACT.FE.ZS,67.913,67.502,67.088,66.67,66.25,65.826,65.4,64.972,64.541,64.108,63.672,63.662,63.333,63.023,62.826,62.605,62.326,61.957,61.585,61.305,59.711,61.182,60.097,60.216,59.448
China,CHN,"Labor force participation rate, male (% of male population ages 15+) (modeled ILO estimate)",SL.TLF.CACT.MA.ZS,80.347,80.131,79.913,79.692,79.469,79.243,79.016,78.787,78.556,78.323,78.089,77.899,77.33,76.764,76.324,75.848,75.29,74.606,73.904,73.328,71.607,72.918,71.389,71.334,70.267
China,CHN,"Unemployment, total (% of total labor force) (modeled ILO estimate)",SL.UEM.TOTL.ZS,3.26,3.8,4.24,4.58,4.49,4.52,4.43,4.35,4.59,4.72,4.53,4.55,4.58,4.6,4.63,4.65,4.56,4.47,4.31,4.56,5,4.55,4.98,4.67,4.59
China,CHN,"Mortality rate, infant (per 1,000 live births)",SP.DYN.IMRT.IN,30,27.8,25.6,23.5,21.3,19.4,17.7,16.1,14.8,13.6,12.5,11.5,10.5,9.7,8.9,8.2,7.6,7,6.4,6,5.5,5.1,4.8,4.5,..
Japan,JPN,Electricity production from natural gas sources (% of total),EG.ELC.NGAS.ZS,23.83935344,24.20964329,24.16598708,25.32144904,23.61095161,21.93588592,24.06158835,25.62052592,26.45590157,27.38244583,28.37992262,36.87128506,39.15262304,40.00300689,42.17583449,40.08800169,41.04420244,39.35688712,38.05212517,37.06536716,38.76896146,34.23433722,33.83218087,32.96660443,..
Japan,JPN,Electricity production from hydroelectric sources (% of total),EG.ELC.HYRO.ZS,9.066875193,8.938205446,8.595124427,9.834664461,9.476315642,7.787355389,8.748173326,7.376950118,7.53477561,7.687651998,7.744753901,8.256731232,7.611632391,7.687939485,8.080449461,8.621539822,8.001610316,8.430630962,8.281069124,8.439948428,8.609599111,8.461796406,8.45128965,8.477252236,..
Japan,JPN,Electricity production from nuclear sources (% of total),EG.ELC.NUCL.ZS,30.15976625,30.45622735,27.62899802,22.66674977,25.94874782,27.48413652,27.26988401,23.10558092,23.2914474,25.65384291,24.61673798,9.161731421,1.45045441,0.842471733,0,0.891446946,1.686815861,3.045569252,6.086019187,6.141067971,3.810830346,6.745144887,5.509595855,8.383301019,..
Japan,JPN,"Electricity production from oil, gas and coal sources (% of total)",EG.ELC.FOSL.ZS,57.68029893,57.45271,60.62371086,64.116701,61.25492783,61.05158923,60.19504295,65.71593216,65.23386462,62.37147814,63.22828324,77.65112297,85.71276471,85.45264515,84.7847726,82.09010633,80.16041517,77.26201372,73.38026255,71.85322984,72.44157287,68.6455791,68.31987297,64.28287894,..
Japan,JPN,Electricity production from coal sources (% of total),EG.ELC.COAL.ZS,21.37121773,23.23032654,24.54218353,26.25574075,26.34334165,27.04565869,26.15015305,26.75193151,27.02932918,27.06001783,27.09489525,27.25363234,30.11829134,32.04544384,32.67013955,33.36526181,32.24602722,32.28334871,31.1481879,31.45138072,30.5727899,30.60955419,30.28233854,28.30873846,..
Japan,JPN,Electricity production from oil sources (% of total),EG.ELC.PETR.ZS,12.46972776,10.01274016,11.91554025,12.5395112,11.30063457,12.07004462,9.983301548,13.34347473,11.74863388,7.929014485,7.753465372,13.52620557,16.44185033,13.40419443,9.938798556,8.636842821,6.870185513,5.621777888,4.179949478,3.336481957,3.09982151,3.801687691,4.205353555,3.007536045,..
Japan,JPN,"Electricity production from renewable sources, excluding hydroelectric (% of total)",EG.ELC.RNWX.ZS,1.211264176,1.231739575,1.258263823,1.386468872,1.443138523,1.791428128,1.838896788,1.896039248,1.926644578,1.977943577,1.933946553,2.240352637,2.464472102,3.170907102,4.27991877,5.557255889,6.697758354,7.766752204,8.78057468,10.13885719,11.68277008,12.64187144,..,..,..
Japan,JPN,Rural population (% of total population),SP.RUR.TOTL.ZS,21.38731967,20.84225179,19.45301393,17.57932216,15.62894581,14.04263795,12.8539101,11.72985955,10.70784362,9.886884128,9.377141316,9.136834557,8.973472267,8.848340435,8.745105487,8.64673559,8.545874515,8.450158031,8.362268139,8.28357921,8.219007373,8.125895072,8.022346757,7.917309611,7.809828197
Japan,JPN,Rural population,SP.RUR.TOTL,27128318,26500715,24791894,22451959,19967697,17942700,16434238,15014338,13712786,12659859,12009305,11679890,11452753,11276767,11130420,10993546,10859755,10729335,10604276,10489745,10377401,10212754,10037960,9858369,9682263
Japan,JPN,Urban population (% of total population),SP.URB.TOTL.IN.ZS,78.61268033,79.15774821,80.54698607,82.42067784,84.37105419,85.95736205,87.1460899,88.27014045,89.29215638,90.11311587,90.62285868,90.86316544,91.02652773,91.15165957,91.25489451,91.35326441,91.45412549,91.54984197,91.63773186,91.71642079,91.78099263,91.87410493,91.97765324,92.08269039,92.1901718
Japan,JPN,Urban population,SP.URB.TOTL,99714682,100648285,102653106,105266041,107793303,109830300,111419762,112986662,114350214,115387141,116060695,116153110,116176247,116168233,116145580,116147454,116216245,116242665,116206724,116143255,115883599,115468839,115087029,114658281,114293108
Japan,JPN,"Bird species, threatened",EN.BIR.THRD.NO,..,..,..,..,..,..,..,..,..,..,..,..,..,..,..,..,..,..,49,..,..,..,50,..,..
Japan,JPN,"Mammal species, threatened",EN.MAM.THRD.NO,..,..,..,..,..,..,..,..,..,..,..,..,..,..,..,..,..,..,29,..,..,..,29,..,..
Japan,JPN,"Fish species, threatened",EN.FSH.THRD.NO,..,..,..,..,..,..,..,..,..,..,..,..,..,..,..,..,..,..,77,..,..,..,166,..,..
Japan,JPN,"Plant species (higher), threatened",EN.HPT.THRD.NO,..,..,..,..,..,..,..,..,..,..,..,..,..,..,..,..,..,..,50,..,..,..,75,..,..
Japan,JPN,"School enrollment, tertiary (% gross)",SE.TER.ENRR,..,..,..,..,..,..,..,..,..,..,..,..,..,62.83818817,62.72698975,62.47266006,63.18722916,62.46297836,62.2089386,62.11849976,62.13584137,63.17026901,64.62882996,64.89122009,..
Japan,JPN,Population ages 0-14 (% of total population),SP.POP.0014.TO.ZS,14.38049552,14.21770074,14.07585683,13.94782717,13.84183379,13.75236493,13.66832283,13.59396644,13.53250909,13.45660675,13.37092853,13.28949657,13.19609303,13.09008362,12.97072627,12.8443763,12.72324924,12.60783267,12.49122192,12.36655903,12.22075282,12.04826445,11.85893618,11.64929062,11.4361016
Japan,JPN,Population ages 15-64 (% of total population),SP.POP.1564.TO.ZS,68.17767331,67.74799091,67.32445005,66.95758363,66.53658804,65.96573529,65.35321824,64.77933374,64.21411126,63.78092474,63.53104559,63.05776392,62.29122864,61.4978528,60.80308539,60.23262029,59.76472262,59.41434595,59.16356175,59.00467021,58.8610728,58.73473848,58.73841652,58.7888993,58.783128
Japan,JPN,Population ages 65 and above (% of total population),SP.POP.65UP.TO.ZS,17.44183117,18.03430835,18.59969312,19.0945892,19.62157816,20.28189978,20.97845893,21.62669983,22.25337965,22.76246851,23.09802588,23.65273951,24.51267833,25.41206358,26.22618834,26.92300342,27.51202814,27.97782138,28.34521633,28.62877075,28.91817438,29.21699707,29.40264731,29.56181008,29.7807704
Japan,JPN,GDP per capita (current US$),NY.GDP.PCAP.CD,39169.35957,34406.18246,32820.79364,35387.03742,38298.98017,37812.89502,35991.546,35779.02454,39876.30397,41308.99684,44968.15623,48760.07895,49145.28043,40898.6479,38475.39525,34960.63938,39375.47316,38834.05293,39751.1331,40415.95676,40028.73417,40094.55998,34065.6439,33836.17563,32487.0778
Japan,JPN,Individuals using the Internet (% of population),IT.NET.USER.ZS,29.9907,38.5321,46.5942,48.4353,62.3939,66.9211,68.6853,74.3,75.4,78,78.21,79.0541,79.4964,88.2194,89.1068,91.058,93.1827,91.7265,88.7464,92.7304,90.2195,82.9141,84.9234,86.9815,..
Japan,JPN,GDP growth (annual %),NY.GDP.MKTP.KD.ZG,2.764647551,0.386103426,0.041962499,1.535125499,2.186115694,1.803900872,1.372350128,1.483969412,-1.224289001,-5.693236359,4.097917919,0.023809524,1.374750999,2.005100177,0.296205514,1.560626697,0.753826746,1.675331752,0.643391024,-0.402169201,-4.168764571,2.696574042,0.941998775,1.475034811,0.104309022
Japan,JPN,"Industry (including construction), value added (% of GDP)",NV.IND.TOTL.ZS,32.51358706,30.9812267,30.22260008,30.07892076,29.96693054,29.87170704,29.66557181,29.59729581,28.78297644,27.11121222,28.33597017,26.70143607,26.56264143,26.65074506,27.31362673,28.58371142,28.62994765,28.88242601,29.01400769,28.80408481,29.05680761,29.21919409,27.71743746,28.6021836,..
Japan,JPN,"Agriculture, forestry, and fishing, value added (% of GDP)",NV.AGR.TOTL.ZS,1.517880339,1.367506192,1.376490599,1.299028224,1.230957484,1.111629406,1.082496746,1.053364132,1.054101767,1.082316506,1.108281081,1.080271763,1.122853962,1.06671783,0.9966057,1.03412007,1.124981308,1.128440549,1.044248236,1.038947445,1.066384259,1.010417701,0.9218813,0.937452749,..
Japan,JPN,"Services, value added (% of GDP)",NV.SRV.TOTL.ZS,66.02064145,67.06628128,68.3328608,68.71535813,68.98968249,69.47396471,69.44979373,69.56041713,70.26145846,71.91070646,70.54419653,71.69112244,71.74712328,71.62077261,70.88402135,69.79553086,69.88705731,69.53577557,69.40312786,69.62767166,69.4747112,69.01856425,70.35871159,69.77279581,..
Japan,JPN,Exports of goods and services (% of GDP),NE.EXP.GNFS.ZS,10.4634942,10.07679996,10.85544561,11.46580158,12.78626462,13.81589572,15.65737405,17.28912737,17.23554338,12.41956575,14.91850345,14.77446226,14.41477461,15.78415673,17.41865535,17.43675984,16.05796924,17.5914391,18.3149456,17.46352643,15.53318286,18.10919194,21.54642412,21.85159124,22.76899986
Japan,JPN,"Inflation, GDP deflator (annual %)",NY.GDP.DEFL.KD.ZG,-1.33626009,-1.084879848,-1.390978615,-1.607703708,-1.1247664,-1.19401768,-0.862018389,-0.705243547,-0.911530288,-0.569564925,-1.88074195,-1.62208025,-0.756093119,-0.354375054,1.686294786,2.111298993,0.419944376,-0.074349504,-0.000237506,0.634803166,0.933912187,-0.203835822,0.399048969,4.068198489,2.888053639
Japan,JPN,Current health expenditure per capita (current US$),SH.XPD.CHEX.PC.CD,2751.384521,2488.651855,2412.351318,2650.238525,2884.673584,2892.604736,2763.533447,2781.493652,3223.291016,3696.584229,4071.802002,5103.343262,5232.362793,4356.155273,4121.211426,3754.181152,4194.228027,4135.243164,4265.779297,4431.299805,4581.609863,4843.944336,4201.79248,3638.192871,..
Japan,JPN,"Life expectancy at birth, total (years)",SP.DYN.LE00.IN,81.07609756,81.41634146,81.69073171,81.76,82.0302439,81.95512195,82.32195122,82.50707317,82.58756098,82.93146341,82.84268293,82.59121951,83.09609756,83.33195122,83.58780488,83.79390244,83.98487805,84.0997561,84.21097561,84.35634146,84.56,84.44560976,83.99634146,84.04121951,..
Japan,JPN,"Labor force participation rate, female (% of female population ages 15+) (modeled ILO estimate)",SL.TLF.CACT.FE.ZS,49.19,49.051,48.457,48.157,48.163,48.284,48.401,48.388,48.36,48.438,48.34,48.09,48.028,48.739,49.176,49.41,50.208,51.031,52.368,53.24,53.09,53.46,54.173,54.847,55.596
Japan,JPN,"Labor force participation rate, male (% of male population ages 15+) (modeled ILO estimate)",SL.TLF.CACT.MA.ZS,76.328,75.565,74.646,74.016,73.316,73.201,73.107,73.077,72.628,71.96,71.491,71.085,70.665,70.395,70.341,70.209,70.364,70.437,71.084,71.317,71.352,71.18,71.354,71.461,71.495
Japan,JPN,"Unemployment, total (% of total labor force) (modeled ILO estimate)",SL.UEM.TOTL.ZS,4.748,5.02,5.386,5.251,4.734,4.446,4.192,3.888,4.002,5.068,5.102,4.55,4.358,4.038,3.589,3.385,3.132,2.822,2.467,2.351,2.809,2.808,2.614,2.6,2.5
Japan,JPN,"Mortality rate, infant (per 1,000 live births)",SP.DYN.IMRT.IN,3.3,3.1,3,2.9,2.8,2.7,2.7,2.6,2.5,2.4,2.4,2.3,2.2,2.2,2.1,2,2,1.9,1.9,1.8,1.8,1.8,1.8,1.8,..
Germany,DEU,Electricity production from natural gas sources (% of total),EG.ELC.NGAS.ZS,9.105131794,9.964086316,9.291214841,10.50494373,10.38265954,11.86941715,11.99145777,12.41018972,14.07985702,13.76735421,14.27091231,14.2269985,12.35099011,10.76199975,9.918828428,9.720210579,12.65187586,13.41317347,13.02563126,14.9531155,16.73177377,16.36726783,14.44013203,15.7995706,..
Germany,DEU,Electricity production from hydroelectric sources (% of total),EG.ELC.HYRO.ZS,4.503046607,4.647462679,4.749324179,3.758190317,4.281075414,4.239513155,4.185348235,4.378874627,4.127905979,4.137851255,4.320350013,3.834793345,4.432497127,4.50633395,4.05284435,3.840452624,4.017839984,4.000930058,3.725869208,4.229738168,4.392123198,4.212557713,4.072206706,4.94978325,..
Germany,DEU,Electricity production from nuclear sources (% of total),EG.ELC.NUCL.ZS,29.41775375,29.21269564,28.09675913,27.09205982,27.03015359,26.16776384,26.13112664,21.91214809,23.15816232,22.62179594,22.20053071,17.61000648,15.82966479,15.23247967,15.47118059,14.15775502,13.01162735,11.67528143,11.86710343,12.36923665,11.18788035,11.66162561,5.995174014,1.409702646,..
Germany,DEU,"Electricity production from oil, gas and coal sources (% of total)",EG.ELC.FOSL.ZS,62.69124766,62.21542754,62.28562078,63.79387318,61.98968076,61.57958255,60.3225363,62.0394105,60.10423863,59.0877313,58.84350518,59.82046017,59.10150021,58.70430765,56.20175659,54.43947254,55.55178039,52.93970076,51.14775445,45.69586945,42.51853294,46.63418798,48.07642815,43.20125185,..
Germany,DEU,Electricity production from coal sources (% of total),EG.ELC.COAL.ZS,52.7561691,51.43995798,52.25773572,51.62936434,49.89459106,47.78467504,46.61966462,48.06892315,44.51491763,43.63227594,43.19196993,44.42518059,45.53662659,46.815333,45.38185363,43.76153964,42.00114075,38.67433148,37.31240281,29.95582592,24.97106673,29.49802547,32.73172594,26.35221858,..
Germany,DEU,Electricity production from oil sources (% of total),EG.ELC.PETR.ZS,0.829946769,0.81138324,0.736670223,1.659565109,1.712430166,1.92549036,1.711413904,1.560297621,1.509463976,1.688101142,1.380622947,1.168281079,1.213883504,1.126974907,0.901074536,0.957722321,0.898763777,0.852195808,0.809720392,0.786928031,0.815692435,0.768894684,0.904570178,1.049462668,..
Germany,DEU,"Electricity production from renewable sources, excluding hydroelectric (% of total)",EG.ELC.RNWX.ZS,2.383690375,2.585580639,3.639546339,4.653052247,6.020525216,7.023433914,8.198539635,10.63363021,11.51553053,12.89388049,13.30348117,17.34823192,19.30356478,20.25063371,22.76802069,26.19244835,26.00142363,30.00858162,31.91135232,36.34780374,40.44750131,35.6180088,..,..,..
Germany,DEU,Rural population (% of total population),SP.RUR.TOTL.ZS,19.90578391,19.89291917,19.87860262,19.86268837,19.84503051,19.82548315,19.80390039,19.78013634,19.75404509,19.72548076,19.69429744,19.65942371,19.60655248,19.52676816,19.42425976,19.30256284,19.16521293,19.0157456,18.85769638,18.69460083,18.5299945,18.36741293,18.21321472,18.09656333,17.97885674
Germany,DEU,Rural population,SP.RUR.TOTL,16364845,16381804,16397560,16393506,16375377,16349961,16313750,16272401,16220066,16155624,16105392,15781599,15768731,15747480,15730251,15767609,15782298,15717845,15634121,15533898,15409705,15280967,15149354,15072134,15015329
Germany,DEU,Urban population (% of total population),SP.URB.TOTL.IN.ZS,80.09421609,80.10708083,80.12139738,80.13731163,80.15496949,80.17451685,80.19609961,80.21986366,80.24595491,80.27451924,80.30570256,80.34057629,80.39344752,80.47323184,80.57574024,80.69743716,80.83478707,80.9842544,81.14230362,81.30539917,81.4700055,81.63258707,81.78678528,81.90343667,82.02114326
Germany,DEU,Urban population,SP.URB.TOTL,65846663,65968121,66090935,66140670,66140883,66119461,66062701,65993971,65890031,65746683,65671538,64493384,64657092,64898125,65252249,65919002,66566371,66939157,67271661,67559064,67751166,67915111,68028459,68215139,68501264
Germany,DEU,"Bird species, threatened",EN.BIR.THRD.NO,..,..,..,..,..,..,..,..,..,..,..,..,..,..,..,..,..,..,11,..,..,..,12,..,..
Germany,DEU,"Mammal species, threatened",EN.MAM.THRD.NO,..,..,..,..,..,..,..,..,..,..,..,..,..,..,..,..,..,..,5,..,..,..,7,..,..
Germany,DEU,"Fish species, threatened",EN.FSH.THRD.NO,..,..,..,..,..,..,..,..,..,..,..,..,..,..,..,..,..,..,24,..,..,..,34,..,..
Germany,DEU,"Plant species (higher), threatened",EN.HPT.THRD.NO,..,..,..,..,..,..,..,..,..,..,..,..,..,..,..,..,..,..,36,..,..,..,51,..,..
Germany,DEU,"School enrollment, tertiary (% gross)",SE.TER.ENRR,..,..,..,..,..,..,..,..,..,..,..,..,..,60.89844894,65.18447876,68.23291016,67.94641113,68.46923065,69.16342926,72.70507813,72.38941956,75.6655426,77.36569977,78.59474945,..
Germany,DEU,Population ages 0-14 (% of total population),SP.POP.0014.TO.ZS,15.65359797,15.48009115,15.26256539,15.01336251,14.75401253,14.4931869,14.21089095,13.98531776,13.84304094,13.75718733,13.69591173,13.57900848,13.39080677,13.23255457,13.17913753,13.21011097,13.32649389,13.45701899,13.56261628,13.66259711,13.76172633,13.85773094,13.91253112,13.91557027,13.91016042
Germany,DEU,Population ages 15-64 (% of total population),SP.POP.1564.TO.ZS,67.88567064,67.66420369,67.47239814,67.26838056,66.98018132,66.64812804,66.29348697,66.02348806,65.86964434,65.72121704,65.73864292,65.89949339,65.9715438,65.95446931,65.86219378,65.73653535,65.53850994,65.2493405,64.98762233,64.70900958,64.39354555,64.00773169,63.6285625,63.29438578,62.89425241
Germany,DEU,Population ages 65 and above (% of total population),SP.POP.65UP.TO.ZS,16.46073138,16.85570516,17.26503647,17.71825693,18.26580615,18.85868505,19.49562208,19.99119418,20.28731472,20.52159563,20.56544535,20.52149813,20.63764943,20.81297611,20.95866869,21.05335368,21.13499618,21.29364051,21.44976139,21.62839331,21.84472812,22.13453737,22.45890638,22.79004395,23.19558717
Germany,DEU,GDP per capita (current US$),NY.GDP.PCAP.CD,23925.85599,23878.36415,25486.5942,30711.10225,34566.73591,35084.43635,36980.33499,42350.92172,46379.1648,42471.88686,42396.9666,47630.97619,44718.01592,47206.83535,48959.59912,41929.75491,42948.93819,45553.93415,48916.16866,47656.19974,47394.87345,52349.246,50506.51796,54776.76682,56103.73232
Germany,DEU,Individuals using the Internet (% of population),IT.NET.USER.ZS,30.2163,31.6509,48.82,55.9,64.73,68.71,72.16,75.16,78,79,82,81.27,82.35,84.17,86.1937,87.5898,84.1652,84.3942,87.0371,88.1345,89.8129,91.4306,91.6298,92.4764,93.5
Germany,DEU,GDP growth (annual %),NY.GDP.MKTP.KD.ZG,2.876523125,1.636141707,-0.228255716,-0.529801394,1.162086845,0.885485293,3.866682415,2.889117414,0.887902331,-5.544554519,4.134637785,3.757968845,0.463512037,0.396995584,2.180186022,1.663006023,2.222222163,2.797906721,1.135696046,0.977734697,-4.131914432,3.909999942,1.809258124,-0.869647579,-0.495851897
Germany,DEU,"Industry (including construction), value added (% of GDP)",NV.IND.TOTL.ZS,27.25364612,26.57854823,25.79838623,25.62073536,25.83862471,25.6870805,26.26004666,26.45970844,26.04326299,23.83809749,26.03714353,26.27952863,26.54504015,25.87794089,25.98595395,25.87370385,26.17324057,25.97547036,25.85064778,25.54157432,25.23534219,25.15704688,25.56034883,26.79585051,25.62295419
Germany,DEU,"Agriculture, forestry, and fishing, value added (% of GDP)",NV.AGR.TOTL.ZS,0.996168402,1.083337508,0.901338515,0.829342961,0.948871367,0.726057849,0.716599758,0.822076768,0.837028054,0.670417046,0.775984032,0.924638958,0.911412935,0.927130139,0.915606456,0.708512713,0.730531014,0.860007621,0.742451289,0.833126018,0.728659526,0.753895621,0.994638278,0.929156663,0.914397651
Germany,DEU,"Services, value added (% of GDP)",NV.SRV.TOTL.ZS,61.68374294,62.4078924,63.41285262,63.51310464,63.44280955,63.67423281,63.07722428,62.233953,62.59975746,64.65639122,62.70615541,62.04386019,61.82011089,62.36136307,62.29655517,62.60761962,62.35940674,62.49004683,62.78631812,63.00677357,63.87513331,63.54535431,63.48068251,63.61544897,64.04565058
Germany,DEU,Exports of goods and services (% of GDP),NE.EXP.GNFS.ZS,29.68065325,30.56041138,31.19045049,31.26784511,33.93521264,35.95314979,38.96944992,40.63680563,40.94887382,35.45451629,39.49534654,41.64362866,42.68558344,41.68028383,41.69366755,42.58539762,41.63554195,42.2029576,42.49689141,42.34024448,39.11980688,42.51983793,45.62840434,42.96726242,41.43405937
Germany,DEU,"Inflation, GDP deflator (annual %)",NY.GDP.DEFL.KD.ZG,-0.34311256,1.433388012,1.49925333,1.321651681,1.155340668,0.534527731,0.436413949,1.840534703,0.95475833,1.973002674,0.699760025,1.22973444,1.436336228,1.995698881,1.894704167,1.74443989,1.254244852,1.476614256,1.870859539,2.009291227,1.757452902,2.696778401,6.413159108,6.691123895,3.110277421
Germany,DEU,Current health expenditure per capita (current US$),SH.XPD.CHEX.PC.CD,2336.362305,2338.122314,2557.535645,3139.363281,3447.269775,3544.566162,3681.365967,4162.6875,4647.310059,4655.171875,4592.071289,5016.23584,4744.870117,5080.624023,5287.344238,4605.590332,4723.324219,5039.353027,5473.557129,5447.317871,5906.806152,6653.583496,6226.14209,6394.622559,6849.263672
Germany,DEU,"Life expectancy at birth, total (years)",SP.DYN.LE00.IN,77.92682927,78.32926829,78.22926829,78.3804878,78.6804878,78.93170732,79.13170732,79.53414634,79.73658537,79.83658537,79.98780488,80.43658537,80.53902439,80.4902439,81.0902439,80.64146341,80.9902439,80.99268293,80.89268293,81.29268293,81.04146341,80.7902439,80.60804878,80.54146341,..
Germany,DEU,"Labor force participation rate, female (% of female population ages 15+) (modeled ILO estimate)",SL.TLF.CACT.FE.ZS,49.001,49.347,49.58,49.985,49.742,50.694,51.758,52.21,51.998,52.624,52.528,53.71,53.68,54.194,54.468,54.441,54.808,55.138,55.211,55.709,55.113,55.018,55.538,55.821,55.622
Germany,DEU,"Labor force participation rate, male (% of male population ages 15+) (modeled ILO estimate)",SL.TLF.CACT.MA.ZS,67.653,67.092,66.609,66.292,65.747,66.549,66.762,66.382,66.649,66.248,66.569,66.411,66.626,66.705,66.598,66.259,66.235,66.395,66.724,67.119,66.049,65.98,66.337,66.479,66.422
Germany,DEU,"Unemployment, total (% of total labor force) (modeled ILO estimate)",SL.UEM.TOTL.ZS,7.917,7.773,8.482,9.779,10.727,11.193,10.277,8.732,7.508,7.88,7.043,5.967,5.372,5.316,4.979,4.612,4.104,3.781,3.384,3.163,3.881,3.594,3.137,3.071,3.4
Germany,DEU,"Mortality rate, infant (per 1,000 live births)",SP.DYN.IMRT.IN,4.4,4.3,4.2,4.1,4,3.9,3.8,3.7,3.6,3.5,3.5,3.4,3.4,3.3,3.3,3.3,3.3,3.2,3.2,3.1,3.1,3.1,3.1,3.1,..
India,IND,Electricity production from natural gas sources (% of total),EG.ELC.NGAS.ZS,9.974690764,9.650115593,10.43265187,11.36914829,11.33590713,10.65314702,10.34326816,11.65972555,10.28425699,12.766561,11.0454789,10.38451443,7.421241333,5.136330576,4.595659142,4.89087485,4.917408117,4.918164143,4.238671412,4.306195687,4.304317072,3.817785616,2.993577468,2.957758176,..
India,IND,Electricity production from hydroelectric sources (% of total),EG.ELC.HYRO.ZS,13.27166435,12.71470964,11.51681153,12.64142723,13.42524196,15.26268314,15.72173111,15.68773307,14.0535615,12.44407648,12.84871325,13.42750913,11.33225786,12.54469647,11.12984155,10.0530067,9.613933808,9.387813755,9.404862985,10.47424937,10.47020491,9.926817017,9.526436342,7.242390306,..
India,IND,Electricity production from nuclear sources (% of total),EG.ELC.NUCL.ZS,3.012512031,3.359959974,3.216810364,2.776619552,2.518185829,2.445507559,2.450407337,2.074626354,1.766487971,2.04903568,2.701560191,3.048376346,2.948829297,2.894741293,2.801960488,2.755582201,2.646122624,2.539308759,2.350314457,2.822333065,2.800067417,2.878921761,2.517252906,2.412804671,..
India,IND,"Electricity production from oil, gas and coal sources (% of total)",EG.ELC.FOSL.ZS,83.37700068,83.45277941,84.66913637,83.79269365,82.81516922,80.68057499,79.48067316,79.52057376,81.40199524,82.0436701,80.65688663,79.16988464,80.84041545,79.48190998,80.64674358,81.87534846,81.21305977,80.46137464,79.71557789,77.4346965,75.97319734,75.57982359,74.98758142,77.59303394,..
India,IND,Electricity production from coal sources (% of total),EG.ELC.COAL.ZS,68.8915624,69.8913081,70.20958208,68.43789383,68.11921377,67.2703737,67.03875011,65.77325314,68.30013846,67.26457695,67.67322909,67.72952753,72.18279404,73.04604117,74.79438552,76.01242641,75.48449322,74.8600089,74.99443687,72.86261654,71.36335802,71.48589077,71.73970438,74.42624354,..
India,IND,Electricity production from oil sources (% of total),EG.ELC.PETR.ZS,4.510747514,3.911355716,4.026902422,3.98565153,3.360048318,2.757054267,2.098654896,2.087595063,2.817599792,2.012532147,1.938178643,1.055842682,1.23638008,1.299538235,1.256698915,0.972047199,0.811158436,0.683201598,0.482469608,0.265884278,0.305522241,0.276147212,0.254299573,0.209032226,..
India,IND,"Electricity production from renewable sources, excluding hydroelectric (% of total)",EG.ELC.RNWX.ZS,0.768461484,0.905053311,1.283769458,-1.122241535,-0.55439613,-0.896771744,0.250726899,1.208098836,3.053696406,2.906402522,2.093229849,1.878605,4.912729331,2.754067083,4.733342647,4.84184605,3.983238758,4.771564854,5.605396797,6.353273844,9.285542583,9.20447543,..,..,..
India,IND,Rural population (% of total population),SP.RUR.TOTL.ZS,72.35295925,72.09713479,71.82431211,71.53397123,71.22739328,70.90545028,70.56901429,70.21895732,69.85615141,69.4814686,69.09578092,68.72534971,68.41010644,68.09032108,67.77117666,67.452701,67.1349219,66.81786718,66.50156465,66.18604212,65.87132739,65.55744828,65.2444326,64.93230816,64.62110276
India,IND,Rural population,SP.RUR.TOTL,765438404,777133989,788343923,798893541,809137143,818728445,827689071,836080287,843814083,851512596,859193297,866781260,874742588,882334475,889345693,895788394,902255954,908494076,914169786,919344187,923922894,927115988,930009287,933771782,937610709
India,IND,Urban population (% of total population),SP.URB.TOTL.IN.ZS,27.64704075,27.90286521,28.17568789,28.46602877,28.77260672,29.09454972,29.43098571,29.78104268,30.14384859,30.5185314,30.90421908,31.27465029,31.58989356,31.90967892,32.22882334,32.547299,32.8650781,33.18213282,33.49843535,33.81395788,34.12867261,34.44255172,34.7555674,35.06769184,35.37889724
India,IND,Urban population,SP.URB.TOTL,292484329,300764586,309256457,317909465,326854370,335947877,345189819,354595734,364116881,374012157,384288267,394443694,403931914,413495036,422931498,432236104,441688342,451163324,460489278,469686125,478694801,487087908,495413925,504297814,513325082
India,IND,"Bird species, threatened",EN.BIR.THRD.NO,..,..,..,..,..,..,..,..,..,..,..,..,..,..,..,..,..,..,93,..,..,..,92,..,..
India,IND,"Mammal species, threatened",EN.MAM.THRD.NO,..,..,..,..,..,..,..,..,..,..,..,..,..,..,..,..,..,..,93,..,..,..,99,..,..
India,IND,"Fish species, threatened",EN.FSH.THRD.NO,..,..,..,..,..,..,..,..,..,..,..,..,..,..,..,..,..,..,227,..,..,..,290,..,..
India,IND,"Plant species (higher), threatened",EN.HPT.THRD.NO,..,..,..,..,..,..,..,..,..,..,..,..,..,..,..,..,..,..,396,..,..,..,527,..,..
India,IND,"School enrollment, tertiary (% gross)",SE.TER.ENRR,9.938260078,10.02735043,10.55865002,11.05764008,11.39268017,11.12773037,11.96280956,13.65647984,15.64852047,16.67750931,18.54176741,23.26627003,24.73120972,24.16383285,25.75361131,27.06464115,27.087599,27.73110892,28.35407379,28.79969497,29.56197061,31.31710178,32.45399382,34.00917018,34.41846597
India,IND,Population ages 0-14 (% of total population),SP.POP.0014.TO.ZS,35.55308325,35.16659214,34.78025115,34.39000683,33.9801046,33.56191953,33.12865207,32.68232918,32.24043801,31.79728859,31.34236741,30.87996579,30.41547953,29.94037544,29.4366305,28.91300121,28.38515306,27.84787219,27.32775547,26.83232362,26.34537406,25.90516142,25.48770388,25.05706222,24.62390271
India,IND,Population ages 15-64 (% of total population),SP.POP.1564.TO.ZS,60.03632928,60.3721236,60.70347262,61.03662641,61.39387273,61.76340537,62.14944885,62.54766739,62.93748302,63.3246172,63.7171854,64.10762847,64.49113221,64.87699683,65.25621489,65.61778571,65.97311608,66.32742252,66.65298502,66.94420334,67.23777292,67.54904789,67.81329636,68.02109447,68.22958015
India,IND,Population ages 65 and above (% of total population),SP.POP.65UP.TO.ZS,4.41058747,4.461284263,4.516276222,4.573366764,4.626022675,4.674675099,4.721899081,4.770003428,4.822078973,4.878094209,4.940447191,5.012405739,5.09338826,5.182627727,5.307154613,5.469213078,5.641730853,5.82470529,6.019259514,6.223473041,6.416853023,6.545790693,6.698999754,6.921843301,7.14651714
India,IND,GDP per capita (current US$),NY.GDP.PCAP.CD,442.7502189,450.3579005,469.149929,544.1431335,624.2588265,710.4880804,801.6683537,1021.887077,992.5195849,1094.949746,1347.519391,1445.461275,1429.321995,1432.843975,1553.883961,1583.998159,1707.508929,1950.104683,1966.254552,2041.428637,1907.042516,2239.613844,2347.448294,2530.120313,2694.737809
India,IND,Individuals using the Internet (% of population),IT.NET.USER.ZS,0.527532,0.660146,1.53788,1.68649,1.97614,2.38807,2.8055,3.95,4.38,5.12,7.5,10.07,11.1,12.3,13.5,14.9,16.5,18.2,20.0813,29.5235,43.4054,..,55.9,..,..
India,IND,GDP growth (annual %),NY.GDP.MKTP.KD.ZG,3.840991157,4.823966266,3.803975321,7.860381476,7.922936612,7.923430621,8.060732572,7.660815067,3.086698059,7.861888833,8.497584702,5.241316199,5.456387552,6.386106401,7.410227605,7.996253786,8.256305502,6.795383419,6.453851345,3.871436941,-5.777724707,9.689592492,7.609364978,9.19075493,6.494765524
India,IND,"Industry (including construction), value added (% of GDP)",NV.IND.TOTL.ZS,27.32582838,26.48777734,27.66065416,27.47410712,29.21910631,29.53376419,30.92723994,30.90323825,31.13671924,31.12137211,30.72507823,30.16167976,29.3985277,28.40489956,27.6564012,27.34739148,26.61899994,26.50001665,26.4120919,24.59147531,25.12290581,26.46652361,25.38451956,25.3029365,24.62850413
India,IND,"Agriculture, forestry, and fishing, value added (% of GDP)",NV.AGR.TOTL.ZS,21.61106205,21.61888489,19.53454327,19.59199798,17.81469065,17.62020695,16.80944209,16.75011976,16.79094236,16.74427016,17.02650901,17.19197356,16.84537707,17.14842354,16.79193451,16.17450811,16.36380056,16.5583314,16.03163069,16.7555683,18.66853766,17.37256153,16.54612959,16.19318936,16.28543356
India,IND,"Services, value added (% of GDP)",NV.SRV.TOTL.ZS,42.73292664,43.80896126,44.72882755,44.70464565,44.11485897,44.44293292,44.04323571,44.00815792,45.88254991,45.98488281,45.03374956,45.44214525,46.3011473,46.69871477,47.82241376,47.78374812,47.74940129,47.67088997,48.43156632,50.08495785,47.93268811,47.84722346,49.725225,49.50718784,49.87444023
India,IND,Exports of goods and services (% of GDP),NE.EXP.GNFS.ZS,12.99723631,12.55837963,14.26438392,14.94791386,17.85912496,19.60524669,21.26794142,20.79969975,24.09735726,20.40051937,22.40093325,24.54041132,24.53443066,25.4308613,22.96796301,19.81318916,19.15823491,18.79176484,19.9278286,18.6642649,18.68247693,21.39915833,23.2515412,21.44869778,21.16184605
India,IND,"Inflation, GDP deflator (annual %)",NY.GDP.DEFL.KD.ZG,3.64497016,3.215616017,3.715683778,3.867798085,5.725413228,5.621903263,8.400938217,6.944418252,9.193969626,7.040365436,10.52603086,8.733578906,7.934387478,6.186504001,3.331756917,2.279588108,3.237974951,3.969257934,3.884240272,2.405517161,4.814857919,8.354907715,5.897141859,2.591949545,3.082273992
India,IND,Current health expenditure per capita (current US$),SH.XPD.CHEX.PC.CD,18.47883415,19.74444199,20.15651703,21.89380074,24.9240799,27.49770737,29.37600899,35.63138962,37.65440369,38.05965042,44.79586029,48.18242264,48.45263672,55.46933746,56.3490181,58.12401581,59.72652817,56.66844559,57.46551132,60.6913681,63.83099747,75.54971313,81.50888824,84.68669891,..
India,IND,"Life expectancy at birth, total (years)",SP.DYN.LE00.IN,62.749,63.158,63.649,64.086,64.484,64.939,65.373,65.803,66.247,66.7,67.162,67.623,68.076,68.499,68.932,69.326,69.709,70.068,70.415,70.746,70.156,67.282,71.698,72.003,..
India,IND,"Labor force participation rate, female (% of female population ages 15+) (modeled ILO estimate)",SL.TLF.CACT.FE.ZS,34.397,34.483,34.57,34.66,34.753,34.852,33.499,32.179,30.892,29.641,28.425,27.583,26.764,26.669,26.607,26.582,26.575,26.578,26.568,26.539,25.998,27.724,29.348,30.984,32.415
India,IND,"Labor force participation rate, male (% of male population ages 15+) (modeled ILO estimate)",SL.TLF.CACT.MA.ZS,84.302,83.92,83.534,83.144,82.751,82.363,81.813,81.266,80.724,80.193,79.669,79.231,78.797,78.605,78.354,78.035,77.692,77.336,76.974,76.613,75.693,75.964,76.503,77.115,77.594
India,IND,"Unemployment, total (% of total labor force) (modeled ILO estimate)",SL.UEM.TOTL.ZS,7.589,7.611,7.681,7.633,7.598,7.551,7.553,7.562,7.629,7.636,7.631,7.609,7.645,7.678,7.656,7.629,7.611,7.626,7.652,6.51,7.859,6.38,4.822,4.172,4.173
India,IND,"Mortality rate, infant (per 1,000 live births)",SP.DYN.IMRT.IN,66.3,64.3,62.4,60.5,58.6,56.7,54.8,52.8,50.8,48.7,46.7,44.6,42.5,40.5,38.5,36.6,34.7,33,31.3,29.7,28.2,26.8,25.6,24.5,..
United Kingdom,GBR,Electricity production from natural gas sources (% of total),EG.ELC.NGAS.ZS,39.27053139,36.87865298,39.32280772,37.38868603,39.87160058,38.31748486,35.44786826,41.77945664,45.3153086,44.18646002,45.88756237,39.81459589,27.51494975,26.75678467,29.87507144,29.5457571,42.50784294,40.52556241,39.54639647,40.8394173,36.10705016,39.99293669,38.61891012,34.84519005,..
United Kingdom,GBR,Electricity production from hydroelectric sources (% of total),EG.ELC.HYRO.ZS,2.063282847,1.683520059,1.921001121,1.496993958,1.901875221,1.971101226,2.125945802,2.251851553,2.373525547,2.365383084,1.76101779,2.336439708,2.273295372,2.12313336,2.597175708,2.673095981,2.469710538,2.594027188,2.388320957,2.377617188,2.719403889,2.368802185,2.350248817,2.508589191,..
United Kingdom,GBR,Electricity production from nuclear sources (% of total),EG.ELC.NUCL.ZS,22.55900114,23.41387098,22.68532148,22.27183461,20.30807738,20.48870859,18.99179928,15.88291178,13.49695145,18.33762374,16.23318269,18.74695953,19.33921709,19.71149954,18.87608709,20.80967947,21.2681544,20.8446814,19.56823151,17.37308707,16.17763552,14.93761279,14.56042268,13.8367781,..
United Kingdom,GBR,"Electricity production from oil, gas and coal sources (% of total)",EG.ELC.FOSL.ZS,73.94482177,72.82042886,73.01715189,73.66109322,74.8811328,73.88240669,74.87930488,77.69921049,79.38272907,73.49619171,75.72089135,70.44731256,67.98460664,64.13956566,60.54282779,52.94570089,52.38935377,47.90489258,45.38682017,43.76374111,38.7321041,43.12606719,41.5896664,37.05963353,..
United Kingdom,GBR,Electricity production from coal sources (% of total),EG.ELC.COAL.ZS,32.43438204,34.576872,32.45508023,35.11870979,33.83063359,34.22466337,37.87737678,34.6474174,32.34217855,27.71874419,28.40434703,29.74455977,39.57830316,36.76189359,30.09922627,22.76776073,9.321089057,6.900414606,5.336954462,2.456159881,2.166506733,2.505208384,2.126620385,1.593090473,..
United Kingdom,GBR,Electricity production from oil sources (% of total),EG.ELC.PETR.ZS,2.239908346,1.364903882,1.23926393,1.153697407,1.178898628,1.340258462,1.554059837,1.272336447,1.725241917,1.5909875,1.428981948,0.888156911,0.891353731,0.620887389,0.568530083,0.632183058,0.560421769,0.478915564,0.503469246,0.468163925,0.458547204,0.627922122,0.844135897,0.621353002,..
United Kingdom,GBR,"Electricity production from renewable sources, excluding hydroelectric (% of total)",EG.ELC.RNWX.ZS,1.295253654,1.42753561,1.637202192,1.856111784,2.359320382,3.016397393,3.401362257,3.682190566,4.398093979,5.421299859,5.902191802,8.021948455,9.868618031,13.54589793,17.36207964,22.79793513,23.01554355,27.56046457,31.37780344,35.1429075,41.16427196,37.83117384,..,..,..
United Kingdom,GBR,Rural population (% of total population),SP.RUR.TOTL.ZS,20.17585917,20.01616987,19.88539373,19.76684067,19.65767151,19.55440619,19.45356464,19.3516668,19.24523261,19.13078199,19.00483488,18.86403144,18.70943322,18.54262313,18.36442492,18.17562277,17.97700083,17.76934327,17.55343424,17.33005793,17.09999847,17.01135685,16.9246017,16.83980671,16.75704556
United Kingdom,GBR,Rural population,SP.RUR.TOTL,11882071,11833494,11806054,11790442,11792225,11811097,11836875,11866919,11894900,11913937,11928644,11933162,11919967,11893053,11867091,11830149,11794171,11721725,11635996,11547191,11413223,11394887,11441708,11533920,11600232
United Kingdom,GBR,Urban population (% of total population),SP.URB.TOTL.IN.ZS,79.82414083,79.98383013,80.11460627,80.23315933,80.34232849,80.44559381,80.54643536,80.6483332,80.75476739,80.86921801,80.99516512,81.13596856,81.29056678,81.45737687,81.63557508,81.82437723,82.02299917,82.23065673,82.44656576,82.66994207,82.90000153,82.98864315,83.0753983,83.16019329,83.24295444
United Kingdom,GBR,Urban population,SP.URB.TOTL,47010443,47286179,47564425,47857135,48195680,48590109,49009945,49455544,49912095,50362333,50837721,51325648,51791033,52245947,52752909,53257851,53812829,54244275,54653004,55083809,55330777,55589113,56162292,56958080,57625768
United Kingdom,GBR,"Bird species, threatened",EN.BIR.THRD.NO,..,..,..,..,..,..,..,..,..,..,..,..,..,..,..,..,..,..,11,..,..,..,11,..,..
United Kingdom,GBR,"Mammal species, threatened",EN.MAM.THRD.NO,..,..,..,..,..,..,..,..,..,..,..,..,..,..,..,..,..,..,5,..,..,..,4,..,..
United Kingdom,GBR,"Fish species, threatened",EN.FSH.THRD.NO,..,..,..,..,..,..,..,..,..,..,..,..,..,..,..,..,..,..,48,..,..,..,60,..,..
United Kingdom,GBR,"Plant species (higher), threatened",EN.HPT.THRD.NO,..,..,..,..,..,..,..,..,..,..,..,..,..,..,..,..,..,..,42,..,..,..,53,..,..
United Kingdom,GBR,"School enrollment, tertiary (% gross)",SE.TER.ENRR,57.36511993,57.48728943,61.12823105,61.45597839,59.45264816,59.2745018,59.19073105,58.84508896,57.43098068,59.10113907,59.84672928,59.34267044,59.16817093,56.81504822,56.56708908,56.48590088,58.11048126,59.63351822,61.12511826,65.48407745,69.37016296,76.71749115,79.7250824,80.49877167,..
United Kingdom,GBR,Population ages 0-14 (% of total population),SP.POP.0014.TO.ZS,18.93457169,18.6810808,18.49323883,18.42075991,18.34303898,18.17797358,18.0189849,17.89469666,17.82342024,17.78734984,17.75855431,17.74465247,17.76519546,17.80224095,17.83473066,17.8806022,17.95023256,18.02063948,18.05178609,18.02215966,17.96632599,17.83479229,17.62925737,17.40914204,17.1850467
United Kingdom,GBR,Population ages 15-64 (% of total population),SP.POP.1564.TO.ZS,65.17567046,65.40978213,65.57530511,65.63519108,65.69620854,65.86418966,66.04982733,66.15673713,66.13987422,66.03245384,65.90306032,65.66788253,65.2614605,64.86985247,64.58118494,64.3494176,64.13356487,63.9059469,63.69246384,63.51988225,63.42787868,63.44655894,63.44042791,63.35272885,63.31518593
United Kingdom,GBR,Population ages 65 and above (% of total population),SP.POP.65UP.TO.ZS,15.88975785,15.90913706,15.93145607,15.94404901,15.96075248,15.95783676,15.93118777,15.94856621,16.03670554,16.18019632,16.33838537,16.58746499,16.97334404,17.32790658,17.58408439,17.7699802,17.91620257,18.07341362,18.25575007,18.45795809,18.60579533,18.71864877,18.93031472,19.23812911,19.49976736
United Kingdom,GBR,GDP per capita (current US$),NY.GDP.PCAP.CD,28383.87611,28013.87296,30158.70178,34556.77261,40504.41181,42240.2463,44695.16102,50629.07992,47652.40307,39009.37155,39778.32205,42295.92738,42688.32637,43606.98379,47746.24218,45255.34492,41257.90855,40916.81151,43702.99763,43158.74113,40812.67947,47691.37688,47057.04323,49944.47021,53246.36761
United Kingdom,GBR,Individuals using the Internet (% of population),IT.NET.USER.ZS,26.8218,33.4811,56.48,64.82,65.61,70,68.82,75.09,78.39,83.56,85,85.38,87.48,89.8441,91.6133,92.0003,94.7758,90.4246,90.692,92.5166,94.8182,96.1965,96.2989,96.2988,..
United Kingdom,GBR,GDP growth (annual %),NY.GDP.MKTP.KD.ZG,4.524380748,2.391022296,1.709027363,3.218516127,2.326018533,2.790654717,2.189821324,2.930911336,-0.049411673,-4.587408192,2.260544609,0.851437739,1.528260347,1.718469613,3.160173515,2.1404056,2.206520206,3.023222198,1.551330951,1.256298998,-10.04789664,8.543111845,5.149703885,0.271650048,1.126422671
United Kingdom,GBR,"Industry (including construction), value added (% of GDP)",NV.IND.TOTL.ZS,22.68096481,21.77330336,21.23700243,20.87608574,20.2198256,20.26454321,20.1946444,19.72290265,20.07449678,18.73336305,18.55667551,18.30102189,18.28271693,18.59271175,18.34783416,18.13973535,17.66779482,17.82152772,18.00236604,17.87363385,17.49571708,16.95531659,16.81985967,17.6714033,17.12465231
United Kingdom,GBR,"Agriculture, forestry, and fishing, value added (% of GDP)",NV.AGR.TOTL.ZS,0.805152979,0.75842516,0.899764449,0.831206604,0.741442331,0.547158772,0.575070362,0.553318266,0.669821878,0.680900728,0.565712302,0.704214809,0.624786549,0.64089092,0.737947358,0.633552834,0.590496096,0.606135164,0.563097756,0.576929649,0.683760684,0.698210494,0.681106058,0.64818085,0.638070795
United Kingdom,GBR,"Services, value added (% of GDP)",NV.SRV.TOTL.ZS,66.2639544,67.47141782,67.87851799,68.3567234,69.00032626,69.29390294,69.34509634,69.76849695,69.79522749,71.69619182,71.00224713,70.3179446,70.51497699,70.06095898,70.15369059,70.468243,70.9168452,70.80967108,70.75036874,70.97606217,72.10964268,72.16866754,72.48364846,72.42319135,72.44624318
United Kingdom,GBR,Exports of goods and services (% of GDP),NE.EXP.GNFS.ZS,25.55634306,25.44930998,24.43150523,23.9686749,23.98452917,25.20700175,27.41285993,25.40798039,27.37943737,26.70736595,28.74636644,31.2649219,30.49953883,30.20761602,28.53200901,27.87907362,29.06155615,30.9738311,31.854534,31.90286028,29.94865206,29.28940711,34.06192838,31.91226976,30.98415884
United Kingdom,GBR,"Inflation, GDP deflator (annual %)",NY.GDP.DEFL.KD.ZG,0.975617613,1.71220037,2.088601637,2.384739618,2.730539704,2.863995258,3.075525919,1.993411432,3.304705499,2.007450601,1.328371368,2.475958187,1.547768642,2.157087788,1.596015627,0.669172003,1.735393543,1.542527815,1.962766122,2.461330488,4.842340857,0.711756534,5.678642043,6.344914192,3.6232491
United Kingdom,GBR,Current health expenditure per capita (current US$),SH.XPD.CHEX.PC.CD,2020.96814,2074.599365,2364.047363,2773.994141,3361.65625,3528.161621,3802.563477,4415.512207,4280.36084,3813.027588,3876.339111,4123.700195,4204.083008,4340.169922,4733.370605,4470.092285,4043.352539,3938.652344,4233.629883,4260.032227,4865.978027,5645.401367,5111.817383,5407.17041,5860.239258
United Kingdom,GBR,"Life expectancy at birth, total (years)",SP.DYN.LE00.IN,77.74146341,77.99268293,78.14390244,78.44634146,78.74634146,79.04878049,79.24878049,79.44878049,79.6,80.05121951,80.40243902,80.95121951,80.90487805,81.00487805,81.30487805,80.95609756,81.15609756,81.25609756,81.25609756,81.36912195,80.3317561,80.64731707,81.01121951,81.23809756,..
United Kingdom,GBR,"Labor force participation rate, female (% of female population ages 15+) (modeled ILO estimate)",SL.TLF.CACT.FE.ZS,53.66,53.533,54.146,54.111,54.534,54.864,55.378,55.146,55.449,55.604,55.529,55.67,55.929,56.256,56.521,56.722,57.074,57.273,57.525,58.037,58.277,58.02,57.703,57.38,57.489
United Kingdom,GBR,"Labor force participation rate, male (% of male population ages 15+) (modeled ILO estimate)",SL.TLF.CACT.MA.ZS,69.706,69.05,68.964,69.228,68.863,69.01,69.339,69.249,69.411,68.836,68.502,68.289,68.441,68.123,68.084,68.103,68.043,67.835,67.99,67.457,67.093,66.127,66.317,66.46,65.819
United Kingdom,GBR,"Unemployment, total (% of total labor force) (modeled ILO estimate)",SL.UEM.TOTL.ZS,5.558,4.696,5.037,4.807,4.594,4.884,5.472,5.399,5.748,7.683,7.973,8.195,8.279,7.752,6.398,5.552,4.909,4.501,4.145,3.657,4.472,4.864,3.768,4.025,4.361
United Kingdom,GBR,"Mortality rate, infant (per 1,000 live births)",SP.DYN.IMRT.IN,5.5,5.5,5.4,5.3,5.2,5.1,5,4.9,4.8,4.6,4.4,4.3,4.1,4,3.9,3.9,3.8,3.8,3.8,3.8,3.9,3.9,3.9,4,..
France,FRA,Electricity production from natural gas sources (% of total),EG.ELC.NGAS.ZS,2.132403871,2.756173457,3.285676212,3.416849259,3.666734605,4.004610623,3.785210196,3.858939077,3.81383255,3.825721883,4.173290449,5.140994238,3.970231552,3.156837842,2.297141401,3.645954582,6.194089867,7.200243208,5.246579083,6.866475095,6.613935334,5.994158098,9.289128342,5.676482898,..
France,FRA,Electricity production from hydroelectric sources (% of total),EG.ELC.HYRO.ZS,13.1739,14.28693611,11.77505934,11.33974786,11.30522791,9.778651914,10.74001207,11.10258912,11.91465408,11.56243877,11.86132829,8.872481934,11.29997034,13.22772209,12.14193339,10.43502103,11.63550756,9.801931087,12.10387014,10.77537477,12.59059093,11.50850999,10.77728893,11.5759236,..
France,FRA,Electricity production from nuclear sources (% of total),EG.ELC.NUCL.ZS,76.8884016,76.62475206,78.12357462,77.81235556,78.08355674,78.3821505,78.31192846,77.17702644,76.58459479,76.45398143,75.27328044,77.12397904,74.23022562,72.71797336,76.17793509,75.43106347,71.42237149,70.82176998,70.9243989,69.82870563,66.39869391,68.27447939,62.22259285,64.33854583,..
France,FRA,"Electricity production from oil, gas and coal sources (% of total)",EG.ELC.FOSL.ZS,9.174670435,8.189725766,9.145123179,9.831733229,9.548247287,10.71049767,9.619061038,9.889463782,9.351766974,9.186733218,9.765548836,9.904202369,9.451918547,8.774886723,5.832386517,7.306739231,9.577660392,11.14295416,8.039132503,8.929077691,8.591454146,8.344776573,11.86918374,7.43712666,..
France,FRA,Electricity production from coal sources (% of total),EG.ELC.COAL.ZS,5.715301674,4.349353084,4.827899539,5.163027179,4.744335453,5.330164687,4.593046416,4.948856377,4.606783477,4.481783832,4.622448782,3.465276628,4.210507948,4.521316765,2.414075358,2.510074961,2.169268868,2.701957933,1.810633997,1.027626204,0.927583554,1.320816858,1.238620818,0.584217936,..
France,FRA,Electricity production from oil sources (% of total),EG.ELC.PETR.ZS,1.32696489,1.084199225,1.031547428,1.251856792,1.137177229,1.375722363,1.240804427,1.081668328,0.931150946,0.879227504,0.969809604,1.297931503,1.271179047,1.096732116,1.121169758,1.150709688,1.214301657,1.240753021,0.981919423,1.034976392,1.049935259,1.029801617,1.341434579,1.176425827,..
France,FRA,"Electricity production from renewable sources, excluding hydroelectric (% of total)",EG.ELC.RNWX.ZS,0.562999811,0.631767146,0.68162801,0.725697642,0.764112373,0.841204317,1.050091412,1.457503756,1.772843086,2.363006018,2.719719579,3.53656436,4.435697709,4.721330496,5.282130223,6.256229059,6.759975696,7.579463129,8.331585447,9.85332526,11.76597797,11.29536337,..,..,..
France,FRA,Rural population (% of total population),SP.RUR.TOTL.ZS,23.48560169,23.09255864,22.74561334,22.5308784,22.50995,22.56366849,22.65327599,22.75420234,22.84380984,22.89946082,22.90371552,22.88172826,22.83305351,22.75592785,22.64757032,22.23890808,21.40008853,21.3532196,21.32855675,21.31092155,21.28808682,21.26353966,21.24080789,21.21956769,21.2000249
France,FRA,Rural population,SP.RUR.TOTL,14307114,14170605,14059551,14025439,14115447,14255918,14412545,14566533,14705729,14817425,14893418,14951111,14991648,15018442,15018072,14799609,14279017,14289152,14323906,14359738,14390983,14425783,14482930,14508304,14532968
France,FRA,Urban population (% of total population),SP.URB.TOTL.IN.ZS,76.51439831,76.90744136,77.25438666,77.4691216,77.49005,77.43633151,77.34672401,77.24579766,77.15619016,77.10053918,77.09628448,77.11827174,77.16694649,77.24407215,77.35242968,77.76109192,78.59991147,78.6467804,78.67144325,78.68907845,78.71191318,78.73646034,78.75919211,78.78043231,78.7999751
France,FRA,Urban population,SP.URB.TOTL,46611547,47193772,47752591,48224416,48592141,48924936,49209797,49450357,49669387,49889011,50132793,50389719,50666011,50979490,51293995,51748663,52445087,52628868,52834442,53022323,53210127,53417028,53701527,53863982,54018685
France,FRA,"Bird species, threatened",EN.BIR.THRD.NO,..,..,..,..,..,..,..,..,..,..,..,..,..,..,..,..,..,..,16,..,..,..,19,..,..
France,FRA,"Mammal species, threatened",EN.MAM.THRD.NO,..,..,..,..,..,..,..,..,..,..,..,..,..,..,..,..,..,..,9,..,..,..,13,..,..
France,FRA,"Fish species, threatened",EN.FSH.THRD.NO,..,..,..,..,..,..,..,..,..,..,..,..,..,..,..,..,..,..,53,..,..,..,75,..,..
France,FRA,"Plant species (higher), threatened",EN.HPT.THRD.NO,..,..,..,..,..,..,..,..,..,..,..,..,..,..,..,..,..,..,47,..,..,..,65,..,..
France,FRA,"School enrollment, tertiary (% gross)",SE.TER.ENRR,50.60308075,50.44728851,50.25168991,52.31697845,53.45763016,53.88233185,53.87541962,52.94754028,52.47552109,52.77310181,54.8817215,55.62572861,57.90901184,59.8487587,61.51047897,62.78593063,64.72767639,65.80223083,67.54351807,67.73313141,68.87094116,69.93978882,71.51072693,70.4536438,..
France,FRA,Population ages 0-14 (% of total population),SP.POP.0014.TO.ZS,18.92614679,18.87248717,18.78866081,18.68798677,18.58541673,18.50274577,18.4580572,18.44119609,18.45873117,18.50762021,18.5311286,18.54324278,18.53470171,18.44420709,18.34606775,18.24496148,18.08316274,17.93107477,17.78118338,17.60874451,17.43915804,17.24520615,17.03141577,16.78477833,16.50512103
France,FRA,Population ages 15-64 (% of total population),SP.POP.1564.TO.ZS,65.06520738,65.00836594,64.99622857,65.02869131,65.04888378,65.0595224,65.10014309,65.09651577,64.99227463,64.83205056,64.68658958,64.40128521,63.98220232,63.62621489,63.26605904,62.90341155,62.6321731,62.39807654,62.17939556,61.98116662,61.81340106,61.70403987,61.59123512,61.46607928,61.34831708
France,FRA,Population ages 65 and above (% of total population),SP.POP.65UP.TO.ZS,16.00864583,16.1191469,16.21511062,16.28332192,16.36569948,16.43773183,16.44179971,16.46228814,16.5489942,16.66032923,16.78228182,17.05547201,17.48309597,17.92957802,18.38787321,18.85162696,19.28466417,19.67084868,20.03942106,20.41008888,20.7474409,21.05075397,21.37734912,21.74914239,22.1465619
France,FRA,GDP per capita (current US$),NY.GDP.PCAP.CD,22340.59395,22331.79483,24144.5727,29479.52221,33644.92822,34696.37183,36431.56589,41486.19078,45464.81814,41728.08842,40694.82117,43929.78409,40863.58144,42669.17951,43148.04593,36702.43237,37024.21571,38687.16264,41418.17665,40408.28486,39169.8606,43725.09995,40988.63964,44700.13842,46103.08409
France,FRA,Individuals using the Internet (% of population),IT.NET.USER.ZS,14.3079,26.3259,30.18,36.14,39.15,42.87,46.87,66.09,70.68,71.58,77.28,77.82,81.44,81.9198,83.7511,78.006,79.2698,80.5025,82.0432,83.3397,84.7064,86.0955,85.3333,86.8364,88.6538
France,FRA,GDP growth (annual %),NY.GDP.MKTP.KD.ZG,4.140999964,1.899467012,1.067750271,0.967827183,2.868250525,1.888565841,2.714064488,2.530481884,0.380171436,-2.824551537,2.00032476,2.437576537,0.183835265,0.781756446,0.997832947,1.066754748,0.860031075,2.08361486,1.645908724,2.027446464,-7.440645899,6.882337834,2.716762642,1.439214944,1.190467983
France,FRA,"Industry (including construction), value added (% of GDP)",NV.IND.TOTL.ZS,21.12868305,20.76402473,20.36410754,19.92327867,19.66869203,19.35523085,19.01889188,18.89889463,18.6335204,18.01982416,17.5945885,17.68000487,17.46843477,17.56999392,17.34161953,17.23644155,16.94335724,16.74830326,16.72528326,16.90700396,16.27265121,16.08772896,15.76915379,18.11098475,17.2101482
France,FRA,"Agriculture, forestry, and fishing, value added (% of GDP)",NV.AGR.TOTL.ZS,1.984496551,2.002260157,1.903783897,1.745606643,1.720185575,1.582704032,1.427064094,1.516727358,1.420306747,1.232415775,1.500880403,1.551372762,1.525944689,1.361401379,1.461546001,1.50360116,1.337984726,1.434960065,1.531101705,1.408284855,1.460434266,1.463345415,1.72017137,1.484757963,1.299794558
France,FRA,"Services, value added (% of GDP)",NV.SRV.TOTL.ZS,66.41778824,67.02152168,67.5410421,68.18904468,68.34068379,68.71160752,68.90514451,69.17523064,69.7683271,70.81579874,70.71065112,70.27665028,70.39548257,70.40967115,70.42824387,70.30901131,70.60299508,70.3851824,70.13670251,70.11016086,70.97701732,70.67357261,71.75754368,70.21190384,70.91418442
France,FRA,Exports of goods and services (% of GDP),NE.EXP.GNFS.ZS,29.75804899,29.43060351,28.73070176,27.13696767,27.53810386,28.16355653,28.92784848,28.85853447,29.19905968,25.88094823,27.82648809,29.53884734,30.35567865,30.59128534,30.7418129,31.69349473,31.49821007,32.31183404,32.91798189,32.88955939,28.55722282,31.28804993,36.61604843,34.45625688,33.88975423
France,FRA,"Inflation, GDP deflator (annual %)",NY.GDP.DEFL.KD.ZG,1.417573338,1.902397975,2.064277923,1.801379448,1.63363931,1.962103363,1.997379531,2.385030203,2.300799188,0.105961139,1.089446424,0.851478363,1.082046901,0.747875807,0.570795054,1.13444009,0.517258232,0.586343158,1.114593313,1.210523083,2.977978682,1.221816141,3.018184208,4.990263683,2.087599652
France,FRA,Current health expenditure per capita (current US$),SH.XPD.CHEX.PC.CD,2161.853027,2192.715576,2449.758301,3006.305908,3458.627441,3575.025146,3811.551758,4312.310547,4807.374512,4737.578125,4593.663086,4936.956055,4659.924316,4884.71582,5007.297363,4226.626465,4289.347168,4436.637207,4692.995117,4519.98584,4760.08252,5364.897461,4857.733887,5149.054688,5327.433594
France,FRA,"Life expectancy at birth, total (years)",SP.DYN.LE00.IN,79.05609756,79.15853659,79.26097561,79.11463415,80.16341463,80.16341463,80.81219512,81.11219512,81.21463415,81.41463415,81.66341463,82.11463415,81.96829268,82.2195122,82.7195122,82.32195122,82.57317073,82.57560976,82.67560976,82.82682927,82.17560976,82.32439024,82.12926829,82.92926829,..
France,FRA,"Labor force participation rate, female (% of female population ages 15+) (modeled ILO estimate)",SL.TLF.CACT.FE.ZS,48.535,48.324,48.535,49.736,49.582,50.137,50.229,50.62,50.74,51.065,51.083,50.995,51.196,51.318,51.012,50.957,50.83,50.625,50.813,50.615,50.05,51.605,51.862,52.108,51.773
France,FRA,"Labor force participation rate, male (% of male population ages 15+) (modeled ILO estimate)",SL.TLF.CACT.MA.ZS,62.668,62.529,62.887,62.816,62.698,62.391,62.14,62.02,62.032,62.049,61.833,61.517,61.73,61.686,60.961,60.726,60.399,60.322,60.205,59.663,58.88,59.858,60.167,60.11,59.896
France,FRA,"Unemployment, total (% of total labor force) (modeled ILO estimate)",SL.UEM.TOTL.ZS,10.218,8.61,8.702,8.306,8.914,8.882,8.832,8.008,7.386,9.122,9.279,9.228,9.841,9.913,10.273,10.354,10.057,9.409,9.018,8.415,8.009,7.871,7.303,7.335,7.4
France,FRA,"Mortality rate, infant (per 1,000 live births)",SP.DYN.IMRT.IN,4.1,3.9,3.8,3.6,3.5,3.4,3.3,3.2,3.2,3.1,3.1,3.1,3.1,3.1,3.1,3.2,3.2,3.3,3.3,3.3,3.3,3.4,3.4,3.4,..
